{"text": " \u05d0\u05e1\u05d9\u05d5\u05df \u05d4\u05d7\u05d3 \u05e9\u05d8\u05d9\u05d9\u05dd \u05e9\u05dc\u05d5\u05e9", "segments": [{"id": 0, "seek": 0, "start": 0.0, "end": 2.0, "text": " \u05d0\u05e1\u05d9\u05d5\u05df \u05d4\u05d7\u05d3 \u05e9\u05d8\u05d9\u05d9\u05dd \u05e9\u05dc\u05d5\u05e9", "tokens": [50364, 4142, 94, 1380, 14838, 26224, 7514, 4113, 10573, 24983, 8817, 17329, 50464], "temperature": 0.0, "avg_logprob": -0.8122933251517159, "compression_ratio": 0.8604651162790697, "no_speech_prob": 0.215576633810997}], "language": "he"}